{
    "gain": 1695.104913330078,
    "gain_adjustm": 1.15,
    "missing_noise_rms": 36.971875,
    "layer_sites_ix": [
        31,
        62,
        63,
        94,
        95,
        125,
        126,
        127
    ],
    "layer": "L2_3",
    "seed": 0
}