{
    "gain": 1695.104913330078,
    "gain_adjustm": 1.15,
    "missing_noise_rms": 33.08984375,
    "layer_sites_ix": [
        22,
        23,
        24,
        25,
        26,
        27,
        28,
        29,
        30,
        54,
        55,
        56,
        57,
        58,
        59,
        60,
        61,
        86,
        87,
        88,
        89,
        90,
        91,
        92,
        93,
        118,
        119,
        120,
        121,
        122,
        123,
        124
    ],
    "layer": "L4",
    "seed": 0
}