{
    "gain": 338.5819091796875,
    "gain_adjustm": 2,
    "missing_noise_rms": 3.56451416015625,
    "layer_sites_ix": [
        40,
        41,
        42,
        43,
        44,
        45,
        46,
        47,
        48,
        49,
        50,
        51,
        52,
        135,
        136,
        137,
        138,
        139,
        140,
        141,
        142,
        143,
        144,
        145,
        146,
        147,
        232,
        233,
        234,
        235,
        236,
        237,
        238,
        239,
        240,
        241,
        242,
        243,
        244,
        327,
        328,
        329,
        330,
        331,
        332,
        333,
        334,
        335,
        336,
        337,
        338,
        339
    ],
    "layer": "L5",
    "seed": 0
}