{
    "gain": 338.5819091796875,
    "gain_adjustm": 2,
    "missing_noise_rms": 2.91302490234375,
    "layer_sites_ix": [
        67,
        68,
        162,
        163,
        164,
        259,
        260,
        354,
        355,
        356,
        58,
        59,
        60,
        61,
        62,
        63,
        64,
        65,
        66,
        153,
        154,
        155,
        156,
        157,
        158,
        159,
        160,
        161,
        249,
        250,
        251,
        252,
        253,
        254,
        255,
        256,
        257,
        258,
        345,
        346,
        347,
        348,
        349,
        350,
        351,
        352,
        353
    ],
    "layer": "L2_3",
    "seed": 0
}