{
    "gain": 5665.060693359375,
    "gain_adjustm": 2.2,
    "missing_noise_rms": 26.3115234375,
    "layer_sites_ix": [
        15,
        16,
        17,
        18,
        19,
        20,
        21,
        22,
        23,
        24,
        25,
        48,
        49,
        50,
        51,
        52,
        53,
        54,
        55,
        56,
        57,
        80,
        81,
        82,
        83,
        84,
        85,
        86,
        87,
        88,
        113,
        114,
        115,
        116,
        117,
        118,
        119
    ],
    "layer": "L1",
    "seed": 0
}