{
    "gain": 5665.060693359375,
    "gain_adjustm": 2.2,
    "missing_noise_rms": 29.328125,
    "layer_sites_ix": [
        8,
        9,
        10,
        11,
        12,
        13,
        14,
        40,
        41,
        42,
        43,
        44,
        45,
        46,
        47,
        73,
        74,
        75,
        76,
        77,
        78,
        79,
        104,
        105,
        106,
        107,
        108,
        109,
        110,
        111,
        112,
        0,
        1,
        2,
        3,
        4,
        5,
        6,
        7,
        32,
        33,
        34,
        35,
        36,
        37,
        38,
        39,
        64,
        65,
        66,
        67,
        68,
        69,
        70,
        71,
        72,
        96,
        97,
        98,
        99,
        100,
        101,
        102,
        103
    ],
    "layer": "L2_3",
    "seed": 0
}