{
    "gain": 338.5819091796875,
    "gain_adjustm": 2,
    "missing_noise_rms": 2.8435714721679686,
    "layer_sites_ix": [
        69,
        70,
        71,
        72,
        165,
        166,
        167,
        168,
        261,
        262,
        263,
        264,
        357,
        358,
        359,
        360
    ],
    "layer": "L1",
    "seed": 0
}