{
    "gain": 338.5819091796875,
    "gain_adjustm": 2,
    "missing_noise_rms": 3.70843505859375,
    "layer_sites_ix": [
        53,
        54,
        55,
        56,
        57,
        148,
        149,
        150,
        151,
        152,
        245,
        246,
        247,
        248,
        340,
        341,
        342,
        343,
        344
    ],
    "layer": "L4",
    "seed": 0
}